filename,width,height,classes,xmin,ymin,xmax,ymax
106496.jpg,512,343,cake,164,29,487,323
106501.jpg,382,512,cake,42,259,251,465
106501.jpg,382,512,cake,139,120,307,298
110954.jpg,384,512,cake,15,80,367,460
110954.jpg,384,512,cake,1,82,111,288
112438.jpg,512,384,cake,30,26,427,384
114735.jpg,382,512,cake,53,172,320,466
114847.jpg,512,384,cake,45,132,261,331
114847.jpg,512,384,cake,255,69,464,274
122408.jpg,512,341,cake,112,139,240,269
122408.jpg,512,341,cake,199,193,335,326
122408.jpg,512,341,cake,264,118,403,260
125669.jpg,512,384,cake,10,115,117,212
125669.jpg,512,384,cake,118,89,229,188
125669.jpg,512,384,cake,1,188,95,311
125669.jpg,512,384,cake,103,163,232,293
125669.jpg,512,384,cake,230,181,356,320
125669.jpg,512,384,cake,354,175,487,320
125669.jpg,512,384,cake,333,102,456,219
125669.jpg,512,384,cake,219,107,335,203
125669.jpg,512,384,cake,150,37,244,117
125669.jpg,512,384,cake,247,40,348,123
125669.jpg,512,384,cake,352,38,447,127
125669.jpg,512,384,cake,429,16,508,106
125672.jpg,512,384,cake,85,27,411,351
125679.jpg,512,384,cake,34,240,73,275
125679.jpg,512,384,cake,3,268,43,313
125679.jpg,512,384,cake,77,270,114,314
125679.jpg,512,384,cake,40,287,79,334
125679.jpg,512,384,cake,156,288,195,328
125679.jpg,512,384,cake,200,290,241,331
125679.jpg,512,384,cake,132,68,158,102
125679.jpg,512,384,cake,223,79,254,107
125679.jpg,512,384,cake,277,83,304,110
125679.jpg,512,384,cake,277,283,319,321
125679.jpg,512,384,cake,324,285,360,328
125679.jpg,512,384,cake,401,288,446,328
125679.jpg,512,384,cake,450,280,492,322
125679.jpg,512,384,cake,408,241,448,272
125679.jpg,512,384,cake,318,213,342,238
125679.jpg,512,384,cake,122,211,163,243
125679.jpg,512,384,cake,14,74,42,102
125679.jpg,512,384,cake,65,76,92,107
125679.jpg,512,384,cake,159,77,183,110
125679.jpg,512,384,cake,435,87,463,113
125679.jpg,512,384,cake,161,254,202,295
125679.jpg,512,384,cake,203,256,241,290
125679.jpg,512,384,cake,379,87,408,117
125679.jpg,512,384,cake,335,86,378,114
125679.jpg,512,384,cake,465,81,508,117
125679.jpg,512,384,cake,345,211,380,239
125679.jpg,512,384,cake,167,210,199,245
125679.jpg,512,384,cake,250,66,277,109
125679.jpg,512,384,cake,425,65,453,95
125679.jpg,512,384,cake,281,256,316,281
125679.jpg,512,384,cake,321,262,351,289
125762.jpg,384,512,cake,93,403,190,512
125762.jpg,384,512,cake,212,395,317,500
125762.jpg,384,512,cake,272,353,366,450
125762.jpg,384,512,cake,238,318,320,361
125762.jpg,384,512,cake,180,353,269,403
125762.jpg,384,512,cake,88,357,172,403
125762.jpg,384,512,cake,1,399,94,501
125762.jpg,384,512,cake,2,352,83,401
12912.jpg,512,512,cake,3,206,251,502
12912.jpg,512,512,cake,252,287,508,502
12912.jpg,512,512,cake,229,166,467,293
12912.jpg,512,512,cake,14,117,226,254
12912.jpg,512,512,cake,233,62,429,181
12912.jpg,512,512,cake,48,27,236,157
132594.jpg,382,512,cake,3,203,184,389
132594.jpg,382,512,cake,199,200,379,398
132594.jpg,382,512,cake,34,146,182,217
132594.jpg,382,512,cake,184,159,321,221
132791.jpg,384,512,cake,25,53,296,336
134293.jpg,512,384,cake,256,12,355,109
134301.jpg,512,384,cake,49,8,270,239
134301.jpg,512,384,cake,212,52,484,368
134310.jpg,512,384,cake,42,9,344,373
137287.jpg,512,384,cake,106,49,344,356
137560.jpg,512,512,cake,169,64,320,218
137560.jpg,512,512,cake,333,54,490,217
137560.jpg,512,512,cake,336,214,506,381
137560.jpg,512,512,cake,166,397,313,512
137560.jpg,512,512,cake,3,235,133,393
137560.jpg,512,512,cake,22,421,159,512
137560.jpg,512,512,cake,334,383,504,512
137560.jpg,512,512,cake,44,80,166,219
137560.jpg,512,512,cake,164,217,322,370
13821.jpg,512,384,cake,101,136,313,370
13821.jpg,512,384,cake,299,117,492,322
13821.jpg,512,384,cake,147,70,308,159
13821.jpg,512,384,cake,3,83,142,287
138678.jpg,512,384,cake,23,238,98,305
138678.jpg,512,384,cake,70,296,150,373
138678.jpg,512,384,cake,413,223,485,307
138678.jpg,512,384,cake,59,2,445,327
138678.jpg,512,384,cake,224,340,300,384
138678.jpg,512,384,cake,303,322,393,384
138678.jpg,512,384,cake,7,181,69,237
138678.jpg,512,384,cake,19,123,64,179
138678.jpg,512,384,cake,437,164,495,223
138678.jpg,512,384,cake,137,331,222,384
139085.jpg,403,512,cake,3,9,403,507
140828.jpg,512,392,cake,106,59,250,156
140828.jpg,512,392,cake,334,90,474,178
140828.jpg,512,392,cake,240,48,358,165
144601.jpg,512,384,cake,14,81,245,336
144601.jpg,512,384,cake,241,138,507,382
144601.jpg,512,384,cake,192,1,383,158
145254.jpg,512,291,cake,15,47,238,275
145254.jpg,512,291,cake,260,31,497,275
145418.jpg,384,512,cake,1,192,172,371
145418.jpg,384,512,cake,91,317,302,511
145418.jpg,384,512,cake,206,138,384,365
145418.jpg,384,512,cake,84,86,263,245
145993.jpg,512,384,cake,36,226,150,323
145993.jpg,512,384,cake,162,227,266,326
145993.jpg,512,384,cake,280,228,384,324
145993.jpg,512,384,cake,397,233,498,329
145993.jpg,512,384,cake,382,134,477,228
145993.jpg,512,384,cake,277,138,371,226
145993.jpg,512,384,cake,168,128,266,226
145993.jpg,512,384,cake,61,127,160,217
145993.jpg,512,384,cake,175,45,265,127
149192.jpg,512,384,cake,295,261,385,330
149192.jpg,512,384,cake,389,268,478,345
149192.jpg,512,384,cake,206,257,295,310
149192.jpg,512,384,cake,51,210,173,255
149192.jpg,512,384,cake,256,234,331,261
149896.jpg,384,512,cake,4,92,384,447
152190.jpg,382,512,cake,39,329,206,480
152190.jpg,382,512,cake,188,172,305,297
152190.jpg,382,512,cake,22,119,130,227
152190.jpg,382,512,cake,214,91,296,171
152190.jpg,382,512,cake,295,50,362,119
152190.jpg,382,512,cake,52,52,130,125
152190.jpg,382,512,cake,160,29,229,99
153172.jpg,512,384,cake,158,186,359,383
153172.jpg,512,384,cake,361,203,509,384
153172.jpg,512,384,cake,164,41,333,189
153172.jpg,512,384,cake,341,35,506,203
153172.jpg,512,384,cake,1,44,167,197
153172.jpg,512,384,cake,2,197,161,384
154146.jpg,512,384,cake,132,58,412,344
15425.jpg,384,512,cake,47,73,351,457
158034.jpg,512,384,cake,261,127,459,317
158588.jpg,512,382,cake,91,163,281,338
158588.jpg,512,382,cake,292,149,467,316
158588.jpg,512,382,cake,179,41,336,161
162029.jpg,382,512,cake,6,68,366,495
164736.jpg,512,384,cake,204,118,279,170
164736.jpg,512,384,cake,278,123,344,179
164736.jpg,512,384,cake,198,190,288,270
164736.jpg,512,384,cake,295,189,388,264
164736.jpg,512,384,cake,404,157,494,213
164736.jpg,512,384,cake,424,202,512,278
164736.jpg,512,384,cake,79,149,163,217
164736.jpg,512,384,cake,50,202,145,279
164736.jpg,512,384,cake,1,155,80,218
164736.jpg,512,384,cake,41,121,106,151
164736.jpg,512,384,cake,382,122,445,161
16628.jpg,512,384,cake,125,107,245,228
16628.jpg,512,384,cake,256,63,365,169
16628.jpg,512,384,cake,313,181,437,303
16628.jpg,512,384,cake,152,238,285,360
166449.jpg,512,382,cake,35,139,122,218
166449.jpg,512,382,cake,152,136,240,213
166449.jpg,512,382,cake,136,237,243,331
166449.jpg,512,382,cake,286,242,376,324
166449.jpg,512,382,cake,414,245,503,322
166449.jpg,512,382,cake,386,135,466,211
166449.jpg,512,382,cake,366,62,448,122
166449.jpg,512,382,cake,271,60,341,118
166449.jpg,512,382,cake,12,237,105,334
166449.jpg,512,382,cake,57,59,130,112
166449.jpg,512,382,cake,159,59,239,117
166449.jpg,512,382,cake,271,139,356,206
166543.jpg,512,384,cake,172,96,242,158
166543.jpg,512,384,cake,77,89,140,127
166543.jpg,512,384,cake,92,124,162,181
166543.jpg,512,384,cake,62,57,128,100
166543.jpg,512,384,cake,139,64,197,117
166543.jpg,512,384,cake,246,75,308,133
166543.jpg,512,384,cake,216,28,271,77
166543.jpg,512,384,cake,328,49,387,112
166543.jpg,512,384,cake,292,7,347,65
166543.jpg,512,384,cake,455,4,508,60
166543.jpg,512,384,cake,2,71,50,117
167113.jpg,512,384,cake,175,68,264,150
167113.jpg,512,384,cake,275,68,363,148
167113.jpg,512,384,cake,289,247,395,350
167113.jpg,512,384,cake,170,250,282,348
167113.jpg,512,384,cake,76,68,166,148
167113.jpg,512,384,cake,77,152,156,238
167113.jpg,512,384,cake,60,248,156,347
167113.jpg,512,384,cake,388,145,465,233
168914.jpg,512,384,cake,55,56,181,176
168914.jpg,512,384,cake,193,55,317,178
168914.jpg,512,384,cake,329,52,452,177
168914.jpg,512,384,cake,42,208,173,334
168914.jpg,512,384,cake,193,205,329,335
168914.jpg,512,384,cake,329,196,472,336
169107.jpg,512,288,cake,116,83,207,168
169107.jpg,512,288,cake,173,174,281,257
169107.jpg,512,288,cake,281,176,370,265
169107.jpg,512,288,cake,81,170,172,256
169107.jpg,512,288,cake,206,96,289,173
171838.jpg,512,384,cake,43,98,281,330
171838.jpg,512,384,cake,224,2,428,189
172692.jpg,512,384,cake,330,85,419,165
172692.jpg,512,384,cake,381,276,465,357
172692.jpg,512,384,cake,128,294,180,340
172692.jpg,512,384,cake,54,243,102,278
172692.jpg,512,384,cake,29,95,73,125
172692.jpg,512,384,cake,217,291,263,335
172692.jpg,512,384,cake,257,200,321,259
172692.jpg,512,384,cake,206,168,264,209
172692.jpg,512,384,cake,256,61,337,125
172692.jpg,512,384,cake,203,41,280,88
172692.jpg,512,384,cake,98,15,157,55
172692.jpg,512,384,cake,264,324,332,375
172692.jpg,512,384,cake,306,230,377,308
172900.jpg,384,512,cake,291,319,322,351
172900.jpg,384,512,cake,295,389,325,416
172900.jpg,384,512,cake,160,306,189,344
172900.jpg,384,512,cake,292,355,323,386
172900.jpg,384,512,cake,325,427,363,461
172900.jpg,384,512,cake,67,414,115,455
172900.jpg,384,512,cake,24,264,59,297
172900.jpg,384,512,cake,61,271,93,302
172900.jpg,384,512,cake,133,380,165,415
172900.jpg,384,512,cake,164,343,198,378
172900.jpg,384,512,cake,328,313,357,346
172900.jpg,384,512,cake,332,348,358,380
172900.jpg,384,512,cake,326,388,360,419
172900.jpg,384,512,cake,292,281,329,314
172900.jpg,384,512,cake,125,313,159,348
178439.jpg,512,384,cake,14,95,222,323
178439.jpg,512,384,cake,238,94,418,311
179835.jpg,384,512,cake,83,172,332,446
182075.jpg,512,382,cake,1,58,353,355
182075.jpg,512,382,cake,282,1,512,135
182075.jpg,512,382,cake,1,2,117,110
182235.jpg,512,384,cake,315,202,445,320
182235.jpg,512,384,cake,312,83,413,182
182235.jpg,512,384,cake,206,77,304,179
182235.jpg,512,384,cake,79,209,203,329
182235.jpg,512,384,cake,204,196,320,316
182235.jpg,512,384,cake,100,75,197,175
185423.jpg,512,384,cake,278,30,458,181
185423.jpg,512,384,cake,306,178,509,363
185423.jpg,512,384,cake,60,159,277,367
185423.jpg,512,384,cake,77,31,255,162
20377.jpg,384,512,cake,13,2,209,231
20377.jpg,384,512,cake,134,202,384,470
20377.jpg,384,512,cake,200,47,384,206
20827.jpg,512,384,cake,149,103,319,273
20827.jpg,512,384,cake,204,220,394,384
20827.jpg,512,384,cake,313,122,431,235
20827.jpg,512,384,cake,387,223,508,353
20922.jpg,384,512,cake,80,259,175,354
20922.jpg,384,512,cake,207,269,299,365
20922.jpg,384,512,cake,161,202,249,277
20922.jpg,384,512,cake,82,171,169,249
20922.jpg,384,512,cake,1,195,88,277
20922.jpg,384,512,cake,3,124,82,195
20922.jpg,384,512,cake,83,106,159,169
20922.jpg,384,512,cake,32,64,107,123
20922.jpg,384,512,cake,97,32,171,92
20922.jpg,384,512,cake,156,90,232,162
20922.jpg,384,512,cake,284,229,375,309
35914.jpg,512,384,cake,185,220,267,297
35914.jpg,512,384,cake,160,184,231,233
35914.jpg,512,384,cake,231,193,303,235
35914.jpg,512,384,cake,23,120,93,155
35914.jpg,512,384,cake,1,148,60,233
35914.jpg,512,384,cake,315,192,382,227
35914.jpg,512,384,cake,288,216,360,261
35914.jpg,512,384,cake,384,61,440,113
35914.jpg,512,384,cake,222,80,284,134
35914.jpg,512,384,cake,160,82,223,132
35914.jpg,512,384,cake,202,168,264,202
35914.jpg,512,384,cake,265,165,325,206
35914.jpg,512,384,cake,430,43,480,83
38668.jpg,384,512,cake,69,96,204,234
38668.jpg,384,512,cake,5,232,151,367
38668.jpg,384,512,cake,172,278,328,413
38668.jpg,384,512,cake,203,137,346,268
42122.jpg,512,384,cake,140,125,239,233
42122.jpg,512,384,cake,360,181,465,293
42122.jpg,512,384,cake,131,249,247,368
43060.jpg,512,384,cake,95,8,393,334
45191.jpg,384,512,cake,83,112,222,251
45191.jpg,384,512,cake,155,229,292,361
45191.jpg,384,512,cake,145,358,282,490
45191.jpg,384,512,cake,150,2,288,134
46500.jpg,512,384,cake,288,192,318,226
47178.jpg,512,378,cake,65,132,249,356
47748.jpg,384,512,cake,212,39,363,175
47748.jpg,384,512,cake,1,77,147,250
47748.jpg,384,512,cake,4,278,214,512
49212.jpg,512,384,cake,121,70,398,332
51424.jpg,512,384,cake,96,1,427,373
53307.jpg,512,384,cake,15,82,242,318
53307.jpg,512,384,cake,236,107,469,333
54293.jpg,512,384,cake,4,22,452,384
56108.jpg,384,512,cake,6,17,384,388
59173.jpg,512,384,cake,212,169,308,258
59173.jpg,512,384,cake,208,260,309,362
59173.jpg,512,384,cake,321,84,409,171
59173.jpg,512,384,cake,318,11,402,80
59173.jpg,512,384,cake,219,96,299,172
59173.jpg,512,384,cake,110,92,198,169
59173.jpg,512,384,cake,94,172,190,259
59173.jpg,512,384,cake,89,270,181,361
59173.jpg,512,384,cake,332,265,425,358
59173.jpg,512,384,cake,326,171,413,256
59173.jpg,512,384,cake,120,14,197,83
59173.jpg,512,384,cake,218,17,296,91
59425.jpg,384,512,cake,63,218,292,418
60474.jpg,512,384,cake,70,60,369,381
63497.jpg,384,512,cake,65,259,350,506
63497.jpg,384,512,cake,82,19,314,223
63704.jpg,341,512,cake,5,114,329,500
66445.jpg,512,384,cake,283,130,442,331
66445.jpg,512,384,cake,13,97,174,343
67469.jpg,512,384,cake,134,61,381,346
67766.jpg,384,512,cake,28,117,362,392
69570.jpg,512,384,cake,123,40,371,302
70180.jpg,512,384,cake,8,88,143,198
70180.jpg,512,384,cake,10,212,188,356
70180.jpg,512,384,cake,196,176,365,328
70180.jpg,512,384,cake,384,150,512,281
70180.jpg,512,384,cake,309,47,430,138
70180.jpg,512,384,cake,163,68,299,169
70625.jpg,512,384,cake,49,55,339,384
70625.jpg,512,384,cake,336,38,510,302
71410.jpg,512,384,cake,95,25,396,320
72335.jpg,384,512,cake,99,251,289,443
72335.jpg,384,512,cake,190,94,371,266
74736.jpg,512,384,cake,17,84,207,302
74736.jpg,512,384,cake,207,109,371,299
74736.jpg,512,384,cake,348,91,505,241
74736.jpg,512,384,cake,197,53,320,117
7806.jpg,512,384,cake,108,94,204,233
7806.jpg,512,384,cake,203,136,309,298
7806.jpg,512,384,cake,226,82,319,166
79466.jpg,342,512,cake,57,398,101,455
79466.jpg,342,512,cake,105,402,152,465
79466.jpg,342,512,cake,160,408,205,471
79466.jpg,342,512,cake,214,405,259,463
79466.jpg,342,512,cake,263,395,305,454
79466.jpg,342,512,cake,161,314,205,374
79466.jpg,342,512,cake,111,313,154,369
79466.jpg,342,512,cake,214,311,260,373
79466.jpg,342,512,cake,152,226,195,281
79466.jpg,342,512,cake,132,132,178,188
79466.jpg,342,512,cake,135,49,169,101
79466.jpg,342,512,cake,200,45,238,102
79466.jpg,342,512,cake,243,217,285,272
79466.jpg,342,512,cake,71,305,112,364
79466.jpg,342,512,cake,104,223,152,278
79466.jpg,342,512,cake,257,306,294,364
79466.jpg,342,512,cake,47,298,83,353
79466.jpg,342,512,cake,26,386,62,441
79466.jpg,342,512,cake,196,216,241,277
79466.jpg,342,512,cake,185,134,228,188
80500.jpg,384,512,cake,75,1,309,306
81705.jpg,512,512,cake,60,27,448,503
84010.jpg,512,384,cake,31,163,208,365
84496.jpg,384,512,cake,1,44,384,499
86160.jpg,384,512,cake,132,301,217,389
86160.jpg,384,512,cake,238,307,328,384
86160.jpg,384,512,cake,232,388,332,486
86160.jpg,384,512,cake,119,396,209,483
86160.jpg,384,512,cake,142,232,215,305
86160.jpg,384,512,cake,234,226,317,302
86160.jpg,384,512,cake,29,300,112,388
86160.jpg,384,512,cake,6,384,101,482
86160.jpg,384,512,cake,47,230,123,300
86160.jpg,384,512,cake,61,170,125,226
86160.jpg,384,512,cake,149,167,217,228
86160.jpg,384,512,cake,232,166,308,236
86160.jpg,384,512,cake,324,167,384,233
86160.jpg,384,512,cake,328,238,384,304
86160.jpg,384,512,cake,337,308,384,387
86160.jpg,384,512,cake,151,119,219,170
86160.jpg,384,512,cake,229,121,300,169
86160.jpg,384,512,cake,310,73,384,163
86160.jpg,384,512,cake,8,69,75,121
86160.jpg,384,512,cake,86,75,148,119
86160.jpg,384,512,cake,230,27,295,120
86160.jpg,384,512,cake,164,36,223,118
8898.jpg,512,384,cake,109,65,402,356
8898.jpg,512,384,cake,83,21,118,63
8898.jpg,512,384,cake,172,19,220,66
8898.jpg,512,384,cake,409,24,457,87
8898.jpg,512,384,cake,294,30,331,70
89713.jpg,512,384,cake,127,230,185,275
89713.jpg,512,384,cake,187,219,253,269
89713.jpg,512,384,cake,264,216,323,263
89713.jpg,512,384,cake,245,259,316,328
89713.jpg,512,384,cake,110,271,176,344
89713.jpg,512,384,cake,316,253,385,323
89713.jpg,512,384,cake,209,175,266,217
89713.jpg,512,384,cake,384,203,447,250
89713.jpg,512,384,cake,389,249,463,313
89713.jpg,512,384,cake,263,213,321,258
89713.jpg,512,384,cake,36,284,106,346
89713.jpg,512,384,cake,85,4,168,60
89713.jpg,512,384,cake,1,14,72,81
89713.jpg,512,384,cake,266,181,321,218
89713.jpg,512,384,cake,190,220,253,269
89713.jpg,512,384,cake,331,212,391,266
90772.jpg,384,512,cake,42,108,358,417
91203.jpg,512,384,cake,108,191,323,381
91203.jpg,512,384,cake,333,143,512,307
91203.jpg,512,384,cake,1,145,156,262
91203.jpg,512,384,cake,190,120,335,233
91203.jpg,512,384,cake,314,70,450,144
91203.jpg,512,384,cake,148,75,277,128
91387.jpg,512,383,cake,84,1,440,383
9193.jpg,512,384,cake,244,74,400,227
9193.jpg,512,384,cake,254,214,410,371
9193.jpg,512,384,cake,54,201,251,381
9193.jpg,512,384,cake,64,72,203,206
9256.jpg,512,384,cake,329,348,353,372
9256.jpg,512,384,cake,285,365,306,384
9256.jpg,512,384,cake,244,274,276,308
9256.jpg,512,384,cake,206,279,242,328
9256.jpg,512,384,cake,48,293,89,335
96277.jpg,512,512,cake,313,391,389,459
96277.jpg,512,512,cake,400,450,475,512
96277.jpg,512,512,cake,388,386,455,448
96964.jpg,512,341,cake,108,175,304,341
96964.jpg,512,341,cake,291,132,450,295
96964.jpg,512,341,cake,220,10,377,162
97713.jpg,382,512,cake,48,169,300,467
100576.jpg,384,512,donuts,27,192,279,464
100576.jpg,384,512,donuts,129,7,339,213
100786.jpg,382,512,donuts,30,127,356,418
101905.jpg,512,384,donuts,112,21,249,151
101905.jpg,512,384,donuts,247,28,384,153
101905.jpg,512,384,donuts,212,153,370,293
101905.jpg,512,384,donuts,371,163,512,345
101905.jpg,512,384,donuts,396,23,512,166
101905.jpg,512,384,donuts,80,146,222,297
101905.jpg,512,384,donuts,1,42,121,184
104498.jpg,382,512,donuts,133,165,297,299
104498.jpg,382,512,donuts,197,274,382,402
104498.jpg,382,512,donuts,181,39,319,142
104498.jpg,382,512,donuts,3,335,246,509
104498.jpg,382,512,donuts,263,114,382,236
104498.jpg,382,512,donuts,1,205,140,366
104498.jpg,382,512,donuts,289,13,382,106
105814.jpg,384,512,donuts,161,177,313,305
105814.jpg,384,512,donuts,78,122,211,221
108879.jpg,512,384,donuts,43,1,268,225
108879.jpg,512,384,donuts,212,163,507,383
108879.jpg,512,384,donuts,263,1,498,160
111351.jpg,382,512,donuts,133,107,282,252
111351.jpg,382,512,donuts,177,31,311,127
111351.jpg,382,512,donuts,71,292,302,511
115428.jpg,512,389,donuts,229,154,415,319
115428.jpg,512,389,donuts,14,133,214,282
115428.jpg,512,389,donuts,50,14,242,142
115428.jpg,512,389,donuts,245,19,421,168
122287.jpg,512,382,donuts,228,239,345,366
122287.jpg,512,382,donuts,347,264,469,382
122399.jpg,382,512,donuts,193,109,381,252
122399.jpg,382,512,donuts,40,230,293,418
126768.jpg,512,384,donuts,80,274,136,314
126768.jpg,512,384,donuts,31,188,92,230
126768.jpg,512,384,donuts,19,290,77,323
126768.jpg,512,384,donuts,89,183,140,221
129296.jpg,384,512,donuts,17,173,90,224
129296.jpg,384,512,donuts,16,216,91,274
129296.jpg,384,512,donuts,89,192,156,248
129296.jpg,384,512,donuts,178,227,254,283
129296.jpg,384,512,donuts,272,253,356,321
129296.jpg,384,512,donuts,135,326,224,413
130235.jpg,382,512,donuts,21,75,354,359
132845.jpg,512,382,donuts,40,148,187,229
132845.jpg,512,382,donuts,161,189,336,331
132845.jpg,512,382,donuts,322,229,512,358
132845.jpg,512,382,donuts,1,229,171,366
132845.jpg,512,382,donuts,298,148,438,234
133819.jpg,382,512,donuts,27,227,215,386
133819.jpg,382,512,donuts,168,308,362,512
133819.jpg,382,512,donuts,201,172,362,312
133819.jpg,382,512,donuts,2,378,165,512
1342.jpg,512,384,donuts,257,253,312,295
1342.jpg,512,384,donuts,387,279,442,328
1342.jpg,512,384,donuts,450,290,512,337
1342.jpg,512,384,donuts,398,170,468,212
1342.jpg,512,384,donuts,407,142,471,172
1342.jpg,512,384,donuts,168,237,214,276
1342.jpg,512,384,donuts,282,226,329,260
1342.jpg,512,384,donuts,394,253,464,283
134878.jpg,384,512,donuts,130,260,286,459
134878.jpg,384,512,donuts,113,179,259,264
134878.jpg,384,512,donuts,191,90,283,234
134878.jpg,384,512,donuts,3,239,154,438
136841.jpg,384,512,donuts,35,87,360,347
139130.jpg,512,342,donuts,212,155,461,342
139130.jpg,512,342,donuts,122,74,284,170
139130.jpg,512,342,donuts,278,72,461,163
139130.jpg,512,342,donuts,1,134,232,342
139546.jpg,512,384,donuts,159,167,242,246
139546.jpg,512,384,donuts,243,174,331,240
139546.jpg,512,384,donuts,268,235,364,332
139546.jpg,512,384,donuts,56,170,147,253
139546.jpg,512,384,donuts,171,107,247,165
139546.jpg,512,384,donuts,149,240,259,333
139546.jpg,512,384,donuts,45,249,154,333
139546.jpg,512,384,donuts,364,244,459,323
139546.jpg,512,384,donuts,89,107,166,170
139546.jpg,512,384,donuts,342,176,426,244
141712.jpg,504,512,donuts,244,111,504,491
148384.jpg,382,512,donuts,259,292,350,408
148384.jpg,382,512,donuts,1,231,77,321
161545.jpg,512,384,donuts,64,11,485,360
162583.jpg,382,512,donuts,19,5,382,479
164423.jpg,384,512,donuts,37,257,313,512
164423.jpg,384,512,donuts,180,42,373,283
164423.jpg,384,512,donuts,1,13,181,299
165928.jpg,384,512,donuts,24,270,142,391
165928.jpg,384,512,donuts,34,179,125,270
165928.jpg,384,512,donuts,247,262,335,378
165928.jpg,384,512,donuts,131,40,207,127
165928.jpg,384,512,donuts,35,92,133,183
165967.jpg,384,512,donuts,108,242,280,439
166210.jpg,384,512,donuts,8,285,190,479
166210.jpg,384,512,donuts,189,290,380,477
166210.jpg,384,512,donuts,208,177,378,317
167522.jpg,512,384,donuts,205,263,237,290
167522.jpg,512,384,donuts,175,257,206,284
167522.jpg,512,384,donuts,238,261,273,290
167522.jpg,512,384,donuts,206,244,237,265
167522.jpg,512,384,donuts,156,191,187,211
167522.jpg,512,384,donuts,270,192,301,213
167522.jpg,512,384,donuts,243,190,269,209
167522.jpg,512,384,donuts,213,191,243,211
167522.jpg,512,384,donuts,186,192,212,213
167522.jpg,512,384,donuts,354,185,389,211
167522.jpg,512,384,donuts,319,185,354,210
167522.jpg,512,384,donuts,329,275,358,299
167522.jpg,512,384,donuts,326,243,351,259
167522.jpg,512,384,donuts,328,260,356,275
167522.jpg,512,384,donuts,359,274,381,297
167522.jpg,512,384,donuts,108,181,139,206
167522.jpg,512,384,donuts,79,183,108,209
167522.jpg,512,384,donuts,16,181,49,206
167522.jpg,512,384,donuts,159,177,187,193
168471.jpg,438,512,donuts,177,284,365,503
168471.jpg,438,512,donuts,108,139,291,302
168471.jpg,438,512,donuts,298,138,438,312
168471.jpg,438,512,donuts,204,6,373,162
1765.jpg,384,512,donuts,89,218,218,378
1765.jpg,384,512,donuts,154,162,265,283
176831.jpg,512,382,donuts,173,199,435,382
176831.jpg,512,382,donuts,157,3,300,78
177254.jpg,512,384,donuts,247,111,357,209
177254.jpg,512,384,donuts,357,105,452,202
177254.jpg,512,384,donuts,378,197,491,300
177254.jpg,512,384,donuts,19,55,143,155
177254.jpg,512,384,donuts,314,19,419,105
177254.jpg,512,384,donuts,277,204,389,323
196569.jpg,382,512,donuts,172,234,364,326
196569.jpg,382,512,donuts,46,325,221,429
196578.jpg,384,512,donuts,3,175,248,443
197068.jpg,384,512,donuts,9,266,380,512
197068.jpg,384,512,donuts,64,126,309,282
197068.jpg,384,512,donuts,98,48,277,144
197068.jpg,384,512,donuts,113,4,263,64
201175.jpg,512,382,donuts,371,269,440,334
203890.jpg,512,382,donuts,243,211,400,375
203890.jpg,512,382,donuts,326,136,461,266
203890.jpg,512,382,donuts,112,66,233,162
203890.jpg,512,382,donuts,28,122,168,227
204081.jpg,384,512,donuts,39,234,282,473
204081.jpg,384,512,donuts,161,100,384,344
204298.jpg,512,384,donuts,75,62,136,118
204298.jpg,512,384,donuts,101,144,210,237
204298.jpg,512,384,donuts,1,147,101,239
204298.jpg,512,384,donuts,342,137,459,225
204298.jpg,512,384,donuts,214,63,292,111
205830.jpg,512,382,donuts,182,111,352,287
208382.jpg,382,512,donuts,108,133,373,360
208382.jpg,382,512,donuts,21,81,210,269
211626.jpg,382,512,donuts,63,1,284,221
211626.jpg,382,512,donuts,2,169,149,382
211626.jpg,382,512,donuts,73,356,292,509
212751.jpg,512,382,donuts,140,85,291,208
212751.jpg,512,382,donuts,321,241,475,382
212751.jpg,512,382,donuts,305,80,485,236
212751.jpg,512,382,donuts,121,206,322,376
217403.jpg,382,512,donuts,2,7,130,148
217403.jpg,382,512,donuts,114,181,240,295
217403.jpg,382,512,donuts,1,395,129,511
217403.jpg,382,512,donuts,242,273,341,377
217403.jpg,382,512,donuts,237,43,343,172
217403.jpg,382,512,donuts,4,140,116,270
217403.jpg,382,512,donuts,2,268,132,396
24944.jpg,512,384,donuts,129,144,315,304
24944.jpg,512,384,donuts,305,123,484,269
24944.jpg,512,384,donuts,192,42,319,153
29394.jpg,384,512,donuts,164,240,247,313
29394.jpg,384,512,donuts,246,248,337,321
29394.jpg,384,512,donuts,272,196,356,257
29394.jpg,384,512,donuts,200,181,272,252
29394.jpg,384,512,donuts,130,175,202,234
29394.jpg,384,512,donuts,273,318,363,390
29394.jpg,384,512,donuts,181,312,270,377
34342.jpg,512,384,donuts,7,53,259,302
34342.jpg,512,384,donuts,268,63,512,308
42050.jpg,384,512,donuts,78,230,241,340
42050.jpg,384,512,donuts,273,318,384,442
42050.jpg,384,512,donuts,102,156,231,240
42050.jpg,384,512,donuts,230,159,354,243
42051.jpg,384,512,donuts,73,251,290,453
42188.jpg,384,512,donuts,125,260,267,403
45027.jpg,512,384,donuts,128,151,245,246
45027.jpg,512,384,donuts,126,244,263,333
45027.jpg,512,384,donuts,5,225,135,330
45027.jpg,512,384,donuts,28,137,131,230
45027.jpg,512,384,donuts,156,69,256,160
45027.jpg,512,384,donuts,408,223,512,323
48537.jpg,512,384,donuts,100,169,224,260
4919.jpg,512,384,donuts,180,70,495,384
4919.jpg,512,384,donuts,14,76,214,332
53457.jpg,512,382,donuts,66,75,280,313
53457.jpg,512,382,donuts,259,80,478,341
53695.jpg,512,303,donuts,29,9,292,290
53695.jpg,512,303,donuts,289,65,511,303
58396.jpg,512,384,donuts,101,142,307,314
58396.jpg,512,384,donuts,305,183,466,346
58396.jpg,512,384,donuts,350,53,491,165
58396.jpg,512,384,donuts,219,55,350,172
58396.jpg,512,384,donuts,33,42,215,169
58403.jpg,512,384,donuts,50,42,461,346
6035.jpg,512,384,donuts,84,81,305,300
6035.jpg,512,384,donuts,273,193,485,377
878.jpg,512,384,donuts,212,137,331,235
878.jpg,512,384,donuts,73,162,191,240
878.jpg,512,384,donuts,98,242,238,342
91540.jpg,512,384,donuts,222,107,370,225
91590.jpg,512,384,donuts,159,193,282,290
91590.jpg,512,384,donuts,289,190,421,276
91590.jpg,512,384,donuts,63,197,168,300
9843.jpg,512,384,donuts,8,107,164,355
9843.jpg,512,384,donuts,154,109,317,328
98500.jpg,384,512,donuts,28,185,129,300
99223.jpg,512,384,donuts,143,160,425,384
99223.jpg,512,384,donuts,231,23,392,160
99223.jpg,512,384,donuts,33,14,205,147
aug_1.jpg,5202,3465,dosa,551,652,4151,2992
aug_10.jpg,350,200,dosa,2,2,345,199
aug_101 - Copy.jpg,1344,1188,dosa,27,239,1227,625
aug_101.jpg,835,375,dosa,7,2,834,371
aug_102.jpg,1200,900,dosa,42,14,677,516
aug_104.jpg,925,451,dosa,219,43,707,345
aug_105.jpg,1400,788,dosa,292,157,1362,560
aug_106.jpg,1200,965,dosa,380,469,898,953
aug_106.jpg,1200,965,dosa,617,257,1152,697
aug_107.jpg,357,357,dosa,224,3,336,233
aug_108.jpg,2432,3648,dosa,435,1355,2432,3066
aug_108.jpg,2432,3648,dosa,297,485,1850,1985
aug_109.jpg,640,480,dosa,1,169,343,474
aug_110.jpg,650,975,dosa,2,211,532,950
aug_111.jpg,944,960,dosa,97,332,773,953
aug_112.jpg,919,1023,dosa,139,213,888,844
aug_113.jpg,675,675,dosa,19,2,336,632
aug_115.jpg,1400,788,dosa,289,151,1365,575
aug_117.jpg,598,400,dosa,93,5,356,299
aug_118.jpg,960,540,dosa,162,3,960,347
aug_119.jpg,700,467,dosa,328,4,700,402
aug_12.jpg,1600,1200,dosa,46,548,1600,1036
aug_12.jpg,1600,1200,dosa,457,6,1600,1172
aug_120.jpg,598,357,dosa,2,68,598,294
aug_121.jpg,800,487,dosa,236,222,718,487
aug_122 - Copy.jpg,1748,1448,dosa,668,258,1376,746
aug_122.jpg,1200,843,dosa,277,339,1157,721
aug_122.jpg,1200,843,dosa,467,5,1190,485
aug_123.jpg,1600,1066,dosa,515,229,1122,1033
aug_125 - Copy.jpg,1212,900,dosa,54,207,1017,507
aug_125.jpg,791,489,dosa,3,38,679,387
aug_128.jpg,300,250,dosa,1,33,300,217
aug_129 - Copy.jpg,2040,2224,dosa,436,7,1822,1844
aug_129.jpg,1600,1200,dosa,43,555,1600,1045
aug_129.jpg,1600,1200,dosa,453,6,1600,1190
aug_130.jpg,988,508,dosa,174,2,942,491
aug_131.jpg,390,280,dosa,43,65,303,150
aug_132 - Copy.jpg,1156,964,dosa,64,339,831,774
aug_132.jpg,700,525,dosa,1,81,530,525
aug_135.jpg,1300,957,dosa,404,153,1056,831
aug_136.jpg,1687,1081,dosa,4,93,1687,673
aug_14.jpg,336,253,dosa,6,2,330,221
aug_15.jpg,670,970,dosa,136,88,620,868
aug_16 - Copy.jpg,864,680,dosa,2,194,864,482
aug_16.jpg,550,398,dosa,58,1,488,396
aug_17.jpg,720,720,dosa,39,1,503,720
aug_19.jpg,535,400,dosa,14,36,535,395
aug_20.jpg,541,347,dosa,113,9,449,236
aug_22.jpg,1200,1600,dosa,608,138,1130,1484
aug_23.jpg,670,970,dosa,75,119,618,890
aug_24.jpg,1200,800,dosa,1,56,1200,750
aug_26.jpg,1024,768,dosa,99,2,494,768
aug_29.jpg,925,451,dosa,77,29,735,313
aug_3.jpg,236,352,dosa,15,186,179,281
aug_30.jpg,500,500,dosa,42,3,500,485
aug_31.jpg,648,434,dosa,45,11,430,304
aug_32.jpg,293,133,dosa,30,64,277,133
aug_34.jpg,600,400,dosa,181,77,544,382
aug_35.jpg,670,430,dosa,36,16,459,392
aug_37 - Copy.jpg,1428,1060,dosa,225,383,1055,541
aug_37.jpg,768,460,dosa,3,111,768,291
aug_4.jpg,700,717,dosa,1,102,403,445
aug_41.jpg,800,448,dosa,131,3,758,296
aug_42.jpg,486,397,dosa,39,186,445,393
aug_45 - Copy.jpg,1280,940,dosa,257,307,930,568
aug_45.jpg,856,330,dosa,77,2,740,251
aug_46.jpg,1024,1024,dosa,77,340,612,893
aug_46.jpg,1024,1024,dosa,332,444,855,1001
aug_47.jpg,847,505,dosa,23,163,819,492
aug_48.jpg,626,341,dosa,264,83,594,300
aug_5.jpg,300,250,dosa,22,29,300,249
aug_50.jpg,550,309,dosa,57,13,549,309
aug_51.jpg,960,401,dosa,29,1,789,401
aug_52.jpg,300,225,dosa,1,1,300,186
aug_53.jpg,666,1000,dosa,29,172,573,872
aug_54.jpg,800,600,dosa,79,147,755,591
aug_55.jpg,250,250,dosa,23,11,225,195
aug_56.jpg,236,352,dosa,3,176,148,279
aug_56.jpg,236,352,dosa,28,120,159,217
aug_56.jpg,236,352,dosa,42,75,179,171
aug_57.jpg,960,401,dosa,15,1,952,366
aug_58.jpg,925,451,dosa,203,8,877,293
aug_59.jpg,4310,2868,dosa,33,362,2997,2662
aug_6 - Copy.jpg,1152,1080,dosa,197,411,804,764
aug_6.jpg,647,520,dosa,6,164,604,502
aug_60.jpg,660,935,dosa,1,257,660,910
aug_62.jpg,416,267,dosa,13,11,416,251
aug_63.jpg,1500,734,dosa,18,15,1479,493
aug_64.jpg,430,461,dosa,19,125,407,365
aug_65 - Copy.jpg,516,456,dosa,99,69,363,322
aug_65.jpg,300,250,dosa,15,1,274,250
aug_66.jpg,1920,1280,dosa,306,474,1619,1249
aug_68.jpg,508,508,dosa,35,109,508,481
aug_7.jpg,506,440,dosa,252,12,476,439
aug_71.jpg,550,367,dosa,30,119,533,367
aug_72.jpg,648,434,dosa,43,16,429,318
aug_73.jpg,1600,899,dosa,3,8,1600,861
aug_74.jpg,1600,1059,dosa,215,44,1415,962
aug_75.jpg,405,315,dosa,35,23,405,263
aug_76.jpg,4926,2856,dosa,1121,294,4521,2019
aug_79 - Copy.jpg,924,664,dosa,165,182,756,363
aug_79.jpg,588,321,dosa,101,61,555,243
aug_8.jpg,1280,720,dosa,104,22,655,697
aug_82.jpg,423,285,dosa,25,44,423,256
aug_85 - Copy.jpg,1992,1328,dosa,12,280,1799,680
aug_85.jpg,1500,734,dosa,21,3,1482,498
aug_86 - Copy.jpg,1172,1000,dosa,60,330,826,784
aug_86.jpg,700,525,dosa,1,83,540,525
aug_87.jpg,615,750,dosa,2,1,587,547
aug_88.jpg,1280,720,dosa,110,18,646,702
aug_89.jpg,724,535,dosa,35,9,724,386
aug_9.jpg,1024,945,dosa,102,387,757,724
aug_91 - Copy.jpg,2696,1988,dosa,169,228,1369,1985
aug_91.jpg,1600,1200,dosa,8,2,1039,1199
aug_93.jpg,648,434,dosa,223,16,609,318
aug_96.jpg,1544,1600,dosa,55,196,1536,1509
aug_97.jpg,680,888,dosa,94,111,611,752
aug_97.jpg,680,888,dosa,284,75,680,682
aug_97.jpg,680,888,dosa,407,4,680,577
